customer_id,name,country,currency,segment,signup_date
cus_00001,Delta Systems Ltd,US,USD,enterprise,2024-09-18
cus_00002,Quant Digital AG,US,USD,mid_market,2024-09-12
cus_00003,Atlas Logistics AB,FR,EUR,smb,2024-09-05
cus_00004,Delta Dynamics AB,GB,GBP,smb,2024-09-05
cus_00005,Orbit Works AG,DE,EUR,mid_market,2024-09-01
cus_00006,Blue Logistics Inc,FR,EUR,enterprise,2024-09-07
cus_00007,Iron Networks SAS,NL,EUR,mid_market,2024-09-24
cus_00008,Blue Digital AG,NL,EUR,smb,2024-09-28
cus_00009,Hyper Networks SL,DE,EUR,startup,2024-09-21
cus_00010,Nord Media Inc,DE,EUR,startup,2024-09-04
cus_00011,Prime Cloud GmbH,NL,EUR,smb,2024-09-27
cus_00012,Ever Studio AG,FR,EUR,mid_market,2024-09-24
cus_00013,Pulse Group GmbH,DE,EUR,startup,2024-09-05
cus_00014,Nord Works AB,US,USD,startup,2024-09-09
cus_00015,Acme Systems AB,DE,EUR,enterprise,2024-09-29
cus_00016,Atlas Digital Inc,DE,EUR,smb,2024-09-02
cus_00017,Ever Data AB,DE,EUR,smb,2024-09-28
cus_00018,Delta Analytics BV,GB,GBP,startup,2024-10-28
cus_00019,Nord Software Inc,DE,EUR,startup,2024-10-26
cus_00020,Nord Data AB,CH,CHF,mid_market,2024-10-31
cus_00021,Bright Data AG,DE,EUR,startup,2024-10-08
cus_00022,Atlas Apps SL,US,USD,enterprise,2024-10-04
cus_00023,Bright Group AB,DE,EUR,startup,2024-10-03
cus_00024,Acme Analytics Ltd,DE,EUR,smb,2024-10-05
cus_00025,Prime Networks Inc,FR,EUR,smb,2024-10-24
cus_00026,Hyper Studio Inc,IT,EUR,mid_market,2024-10-06
cus_00027,Cedar Dynamics SL,CH,CHF,mid_market,2024-10-06
cus_00028,Atlas Systems GmbH,FR,EUR,smb,2024-10-03
cus_00029,Nord Analytics SAS,DE,EUR,smb,2024-10-19
cus_00030,Cedar Data BV,DE,EUR,startup,2024-10-29
cus_00031,Clear Software SAS,GB,GBP,startup,2024-10-22
cus_00032,Ever Solutions BV,GB,GBP,mid_market,2024-10-10
cus_00033,Quant Software SAS,ES,EUR,smb,2024-10-18
cus_00034,Iron Systems SAS,DE,EUR,smb,2024-11-16
cus_00035,Nova Cloud AB,IT,EUR,startup,2024-11-12
cus_00036,Prime Solutions SAS,NL,EUR,smb,2024-11-08
cus_00037,Falcon Networks Inc,DE,EUR,startup,2024-11-07
cus_00038,Alto Data Ltd,IT,EUR,startup,2024-11-05
cus_00039,Orbit Digital BV,NL,EUR,startup,2024-11-11
cus_00040,Clear Digital AG,CH,CHF,startup,2024-11-14
cus_00041,Nord Commerce SL,DE,EUR,smb,2024-11-11
cus_00042,Iron Systems GmbH,DE,EUR,smb,2024-11-08
cus_00043,Acme Labs SL,NL,EUR,startup,2024-11-19
cus_00044,Delta Cloud AB,US,USD,startup,2024-11-04
cus_00045,Bright Industries AB,DE,EUR,startup,2024-11-05
cus_00046,Vertex Software Inc,DE,EUR,startup,2024-11-13
cus_00047,Nova Analytics AG,IT,EUR,smb,2024-11-22
cus_00048,Vertex Data Ltd,DE,EUR,mid_market,2024-11-15
cus_00049,Swift Studio BV,GB,GBP,mid_market,2024-12-02
cus_00050,Acme Studio BV,CH,CHF,mid_market,2024-12-08
cus_00051,Falcon Networks GmbH,DE,EUR,smb,2024-12-20
cus_00052,Bright Digital GmbH,DE,EUR,mid_market,2024-12-05
cus_00053,Alto Industries GmbH,NL,EUR,startup,2024-12-18
cus_00054,Iron Labs AB,US,USD,mid_market,2024-12-11
cus_00055,Falcon Apps SL,FR,EUR,smb,2024-12-27
cus_00056,Ever Dynamics GmbH,DE,EUR,startup,2024-12-18
cus_00057,Hyper Studio AG,DE,EUR,smb,2024-12-29
cus_00058,Atlas Analytics SL,DE,EUR,mid_market,2024-12-30
cus_00059,Falcon Digital GmbH,DE,EUR,smb,2024-12-15
cus_00060,Alto Analytics AB,GB,GBP,mid_market,2024-12-04
cus_00061,Delta Apps SL,GB,GBP,smb,2024-12-18
cus_00062,Prime Studio SL,DE,EUR,smb,2024-12-03
cus_00063,Nord Cloud BV,FR,EUR,startup,2024-12-28
cus_00064,Falcon Software AB,DE,EUR,mid_market,2024-12-30
cus_00065,Delta Studio AG,DE,EUR,smb,2024-12-19
cus_00066,Blue Networks Inc,DE,EUR,mid_market,2024-12-28
cus_00067,Orbit Dynamics SL,US,USD,startup,2025-01-24
cus_00068,Blue Solutions BV,GB,GBP,startup,2025-01-07
cus_00069,Swift Group AG,US,USD,startup,2025-01-04
cus_00070,Cedar Works GmbH,ES,EUR,startup,2025-01-12
cus_00071,Bright Software AG,ES,EUR,smb,2025-01-03
cus_00072,Swift Cloud SL,GB,GBP,mid_market,2025-01-07
cus_00073,Prime Industries SAS,FR,EUR,startup,2025-01-08
cus_00074,Ever Cloud AB,GB,GBP,smb,2025-01-14
cus_00075,Bright Cloud AB,IT,EUR,startup,2025-01-02
cus_00076,Iron Tech SAS,GB,GBP,startup,2025-01-27
cus_00077,Prime Dynamics SAS,DE,EUR,smb,2025-01-13
cus_00078,Delta Media Inc,NL,EUR,smb,2025-01-04
cus_00079,Falcon Analytics Ltd,FR,EUR,startup,2025-01-17
cus_00080,Alto Solutions BV,DE,EUR,smb,2025-01-07
cus_00081,Prime Networks SAS,ES,EUR,mid_market,2025-01-18
cus_00082,Orbit Logistics AB,US,USD,smb,2025-01-04
cus_00083,Pulse Logistics SAS,GB,GBP,startup,2025-01-20
cus_00084,Ever Group SL,FR,EUR,startup,2025-01-28
cus_00085,Atlas Commerce SL,US,USD,startup,2025-01-17
cus_00086,Ever Apps SL,ES,EUR,startup,2025-01-26
cus_00087,Acme Media BV,CH,CHF,smb,2025-02-04
cus_00088,Falcon Data AG,DE,EUR,startup,2025-02-02
cus_00089,Clear Industries Inc,DE,EUR,smb,2025-02-28
cus_00090,Atlas Media SAS,DE,EUR,smb,2025-02-06
cus_00091,Atlas Software Ltd,US,USD,smb,2025-02-05
cus_00092,Blue Works GmbH,DE,EUR,smb,2025-02-01
cus_00093,Falcon Digital SAS,ES,EUR,startup,2025-02-01
cus_00094,Nord Studio Inc,DE,EUR,mid_market,2025-02-08
cus_00095,Delta Data SAS,DE,EUR,smb,2025-02-17
cus_00096,Atlas Labs Ltd,CH,CHF,smb,2025-02-08
cus_00097,Pulse Works AG,FR,EUR,startup,2025-02-04
cus_00098,Nova Industries GmbH,GB,GBP,startup,2025-02-23
cus_00099,Alto Commerce BV,FR,EUR,smb,2025-02-20
cus_00100,Acme Tech Ltd,ES,EUR,smb,2025-02-11
cus_00101,Cedar Commerce SL,US,USD,startup,2025-02-20
cus_00102,Nova Commerce SL,GB,GBP,smb,2025-02-27
cus_00103,Iron Logistics AG,ES,EUR,startup,2025-02-27
cus_00104,Atlas Labs SAS,DE,EUR,mid_market,2025-02-23
cus_00105,Bright Media AG,FR,EUR,mid_market,2025-02-25
cus_00106,Acme Digital Inc,US,USD,smb,2025-02-18
cus_00107,Bright Tech GmbH,FR,EUR,startup,2025-03-14
cus_00108,Swift Networks Inc,DE,EUR,mid_market,2025-03-28
cus_00109,Hyper Tech SAS,DE,EUR,smb,2025-03-24
cus_00110,Nord Solutions AG,NL,EUR,smb,2025-03-19
cus_00111,Bright Dynamics SL,ES,EUR,mid_market,2025-03-20
cus_00112,Nord Commerce SL,FR,EUR,mid_market,2025-03-24
cus_00113,Quant Dynamics Ltd,US,USD,smb,2025-03-16
cus_00114,Pulse Robotics GmbH,GB,GBP,startup,2025-03-16
cus_00115,Delta Commerce Inc,DE,EUR,enterprise,2025-03-11
cus_00116,Orbit Works Inc,FR,EUR,startup,2025-03-19
cus_00117,Ever Dynamics AB,DE,EUR,smb,2025-03-17
cus_00118,Acme Apps AB,DE,EUR,smb,2025-03-17
cus_00119,Alto Works AG,FR,EUR,smb,2025-03-21
cus_00120,Bright Media SL,NL,EUR,startup,2025-03-07
cus_00121,Delta Digital SL,FR,EUR,smb,2025-03-03
cus_00122,Swift Solutions SL,FR,EUR,startup,2025-03-16
cus_00123,Alto Apps Ltd,NL,EUR,startup,2025-03-23
cus_00124,Pulse Works Ltd,DE,EUR,mid_market,2025-03-11
cus_00125,Bright Works SAS,GB,GBP,startup,2025-03-15
cus_00126,Hyper Robotics SL,DE,EUR,mid_market,2025-03-06
cus_00127,Delta Group Inc,DE,EUR,mid_market,2025-03-27
cus_00128,Ever Cloud AB,US,USD,smb,2025-03-18
cus_00129,Pulse Industries AB,DE,EUR,startup,2025-03-30
cus_00130,Nova Solutions Ltd,ES,EUR,startup,2025-03-10
cus_00131,Nord Solutions GmbH,GB,GBP,smb,2025-03-09
cus_00132,Atlas Dynamics SAS,GB,GBP,smb,2025-04-23
cus_00133,Ever Industries SAS,SE,SEK,startup,2025-04-06
cus_00134,Prime Works Inc,CH,CHF,startup,2025-04-07
cus_00135,Iron Group Ltd,ES,EUR,smb,2025-04-19
cus_00136,Falcon Dynamics SAS,FR,EUR,startup,2025-04-15
cus_00137,Ever Software Inc,NL,EUR,startup,2025-04-23
cus_00138,Falcon Tech Ltd,DE,EUR,smb,2025-04-02
cus_00139,Pulse Media GmbH,US,USD,smb,2025-04-09
cus_00140,Cedar Robotics AB,US,USD,startup,2025-04-14
cus_00141,Nord Industries SAS,GB,GBP,startup,2025-04-19
cus_00142,Iron Tech AB,DE,EUR,smb,2025-04-18
cus_00143,Alto Digital Ltd,FR,EUR,smb,2025-04-17
cus_00144,Ever Media Ltd,FR,EUR,mid_market,2025-04-05
cus_00145,Ever Software AB,ES,EUR,smb,2025-04-28
cus_00146,Falcon Commerce SAS,IT,EUR,startup,2025-04-26
cus_00147,Acme Networks SAS,US,USD,startup,2025-04-20
cus_00148,Ever Apps Inc,US,USD,enterprise,2025-04-16
cus_00149,Nord Networks BV,DE,EUR,mid_market,2025-04-05
cus_00150,Prime Media AG,NL,EUR,smb,2025-04-24
cus_00151,Hyper Media SL,DE,EUR,smb,2025-04-11
cus_00152,Cedar Systems Inc,US,USD,smb,2025-04-19
cus_00153,Nord Systems AB,NL,EUR,smb,2025-04-02
cus_00154,Ever Media AB,CH,CHF,smb,2025-04-25
cus_00155,Alto Cloud Inc,DE,EUR,startup,2025-04-23
cus_00156,Pulse Analytics GmbH,DE,EUR,startup,2025-04-18
cus_00157,Nord Industries AB,FR,EUR,mid_market,2025-05-28
cus_00158,Iron Industries Ltd,DE,EUR,mid_market,2025-05-13
cus_00159,Vertex Studio Inc,GB,GBP,startup,2025-05-10
cus_00160,Prime Robotics SL,US,USD,smb,2025-05-17
cus_00161,Ever Digital Ltd,DE,EUR,smb,2025-05-26
cus_00162,Pulse Apps SL,DE,EUR,startup,2025-05-22
cus_00163,Vertex Data Ltd,DE,EUR,startup,2025-05-19
cus_00164,Nord Labs SL,DE,EUR,smb,2025-05-10
cus_00165,Orbit Studio GmbH,CH,CHF,enterprise,2025-05-06
cus_00166,Hyper Robotics SAS,DE,EUR,smb,2025-05-01
cus_00167,Prime Works SAS,DE,EUR,smb,2025-05-27
cus_00168,Prime Labs Ltd,US,USD,startup,2025-05-12
cus_00169,Ever Tech Inc,CH,CHF,smb,2025-05-08
cus_00170,Atlas Group Ltd,DE,EUR,smb,2025-05-21
cus_00171,Iron Systems Ltd,DE,EUR,smb,2025-05-22
cus_00172,Delta Media Ltd,SE,SEK,startup,2025-05-30
cus_00173,Orbit Tech AB,CH,CHF,smb,2025-05-02
cus_00174,Hyper Tech AG,FR,EUR,smb,2025-05-17
cus_00175,Vertex Robotics AG,US,USD,smb,2025-05-05
cus_00176,Bright Tech AB,FR,EUR,smb,2025-05-18
cus_00177,Atlas Analytics SL,FR,EUR,smb,2025-05-04
cus_00178,Cedar Data Inc,DE,EUR,startup,2025-05-13
cus_00179,Iron Apps Inc,FR,EUR,smb,2025-05-25
cus_00180,Iron Apps Ltd,FR,EUR,enterprise,2025-06-27
cus_00181,Cedar Software GmbH,DE,EUR,mid_market,2025-06-27
cus_00182,Hyper Software AB,DE,EUR,startup,2025-06-25
cus_00183,Iron Software BV,FR,EUR,smb,2025-06-03
cus_00184,Pulse Media AB,DE,EUR,smb,2025-06-11
cus_00185,Quant Logistics SAS,DE,EUR,smb,2025-06-06
cus_00186,Nord Dynamics Inc,ES,EUR,smb,2025-06-01
cus_00187,Quant Apps AG,DE,EUR,smb,2025-06-04
cus_00188,Quant Apps BV,FR,EUR,smb,2025-06-15
cus_00189,Quant Dynamics Ltd,FR,EUR,smb,2025-06-12
cus_00190,Swift Works AG,DE,EUR,smb,2025-06-14
cus_00191,Quant Systems AB,DE,EUR,mid_market,2025-06-14
cus_00192,Alto Labs GmbH,GB,GBP,smb,2025-06-12
cus_00193,Nova Networks AG,GB,GBP,startup,2025-06-02
cus_00194,Iron Logistics AG,IT,EUR,startup,2025-06-29
cus_00195,Nord Logistics SAS,IT,EUR,smb,2025-06-08
cus_00196,Vertex Industries SL,NL,EUR,startup,2025-06-28
cus_00197,Prime Robotics SL,US,USD,mid_market,2025-06-28
cus_00198,Alto Labs BV,ES,EUR,mid_market,2025-06-21
cus_00199,Quant Dynamics SAS,ES,EUR,enterprise,2025-06-19
cus_00200,Swift Labs SAS,GB,GBP,smb,2025-06-02
cus_00201,Pulse Digital AG,GB,GBP,mid_market,2025-06-26
cus_00202,Hyper Tech BV,IT,EUR,smb,2025-06-07
cus_00203,Alto Apps SAS,US,USD,startup,2025-06-26
cus_00204,Alto Group BV,GB,GBP,smb,2025-06-30
cus_00205,Vertex Tech BV,NL,EUR,mid_market,2025-07-13
cus_00206,Swift Logistics Ltd,NL,EUR,startup,2025-07-04
cus_00207,Nova Works Ltd,ES,EUR,mid_market,2025-07-23
cus_00208,Acme Apps SAS,IT,EUR,mid_market,2025-07-18
cus_00209,Iron Labs GmbH,DE,EUR,startup,2025-07-21
cus_00210,Iron Commerce SAS,CH,CHF,smb,2025-07-07
cus_00211,Pulse Robotics BV,DE,EUR,smb,2025-07-20
cus_00212,Blue Software AB,DE,EUR,smb,2025-07-12
cus_00213,Nord Networks BV,SE,SEK,smb,2025-07-19
cus_00214,Nord Media SL,DE,EUR,startup,2025-07-12
cus_00215,Cedar Industries Ltd,NL,EUR,mid_market,2025-07-15
cus_00216,Delta Works GmbH,DE,EUR,startup,2025-07-09
cus_00217,Clear Logistics BV,FR,EUR,smb,2025-07-15
cus_00218,Swift Networks Ltd,ES,EUR,smb,2025-07-12
cus_00219,Quant Digital Inc,GB,GBP,enterprise,2025-07-24
cus_00220,Iron Analytics AB,FR,EUR,startup,2025-07-14
cus_00221,Swift Media Ltd,FR,EUR,startup,2025-07-14
cus_00222,Iron Solutions GmbH,IT,EUR,startup,2025-07-01
cus_00223,Nova Logistics GmbH,CH,CHF,startup,2025-07-15
cus_00224,Blue Media AG,DE,EUR,startup,2025-07-10
cus_00225,Nord Commerce SL,FR,EUR,smb,2025-07-10
cus_00226,Prime Logistics Inc,DE,EUR,startup,2025-07-29
cus_00227,Hyper Group SAS,IT,EUR,mid_market,2025-07-29
cus_00228,Alto Solutions Ltd,DE,EUR,startup,2025-07-05
cus_00229,Ever Industries SAS,US,USD,mid_market,2025-07-30
cus_00230,Swift Robotics GmbH,FR,EUR,startup,2025-07-20
cus_00231,Alto Networks GmbH,US,USD,startup,2025-08-13
cus_00232,Nord Solutions SL,DE,EUR,mid_market,2025-08-13
cus_00233,Iron Robotics Inc,GB,GBP,startup,2025-08-10
cus_00234,Atlas Works AG,ES,EUR,smb,2025-08-07
cus_00235,Atlas Apps SL,DE,EUR,startup,2025-08-15
cus_00236,Hyper Studio SAS,DE,EUR,smb,2025-08-01
cus_00237,Orbit Solutions SAS,DE,EUR,enterprise,2025-08-10
cus_00238,Ever Dynamics Inc,IT,EUR,mid_market,2025-08-23
cus_00239,Orbit Dynamics Inc,FR,EUR,mid_market,2025-08-29
cus_00240,Iron Works Inc,FR,EUR,smb,2025-08-17
cus_00241,Cedar Logistics SL,US,USD,mid_market,2025-08-05
cus_00242,Acme Digital SAS,DE,EUR,startup,2025-08-27
cus_00243,Swift Industries Inc,DE,EUR,startup,2025-08-07
cus_00244,Alto Tech AB,DE,EUR,smb,2025-08-30
cus_00245,Nova Digital BV,DE,EUR,mid_market,2025-08-10
cus_00246,Hyper Dynamics SL,NL,EUR,smb,2025-08-19
cus_00247,Blue Systems Ltd,DE,EUR,smb,2025-08-17
cus_00248,Swift Solutions Inc,DE,EUR,mid_market,2025-08-18
cus_00249,Atlas Cloud AB,DE,EUR,startup,2025-08-15
cus_00250,Cedar Works Inc,DE,EUR,mid_market,2025-08-31
cus_00251,Atlas Dynamics Ltd,ES,EUR,smb,2025-08-31
cus_00252,Pulse Dynamics AG,FR,EUR,startup,2025-08-09
cus_00253,Quant Networks Inc,GB,GBP,startup,2025-08-31
cus_00254,Atlas Digital SAS,DE,EUR,smb,2025-08-08
cus_00255,Quant Networks SL,DE,EUR,smb,2025-08-08
cus_00256,Falcon Studio GmbH,DE,EUR,startup,2025-08-13
cus_00257,Nord Digital AG,GB,GBP,smb,2025-08-02
cus_00258,Swift Commerce AG,FR,EUR,enterprise,2025-08-18
cus_00259,Swift Dynamics SAS,CH,CHF,startup,2025-08-14
cus_00260,Delta Apps SAS,SE,SEK,startup,2025-08-04
cus_00261,Clear Labs Inc,US,USD,smb,2025-09-30
cus_00262,Falcon Studio AG,GB,GBP,smb,2025-09-16
cus_00263,Acme Robotics SL,US,USD,startup,2025-09-04
cus_00264,Bright Media BV,DE,EUR,mid_market,2025-09-22
cus_00265,Nord Apps BV,CH,CHF,smb,2025-09-22
cus_00266,Cedar Labs AB,DE,EUR,mid_market,2025-09-30
cus_00267,Acme Cloud AG,US,USD,startup,2025-09-20
cus_00268,Quant Systems GmbH,IT,EUR,startup,2025-09-13
cus_00269,Cedar Industries Ltd,US,USD,startup,2025-09-14
cus_00270,Nord Solutions AB,IT,EUR,startup,2025-09-24
cus_00271,Pulse Data SL,IT,EUR,enterprise,2025-09-09
cus_00272,Nord Group GmbH,FR,EUR,smb,2025-09-29
cus_00273,Orbit Apps AB,DE,EUR,mid_market,2025-09-14
cus_00274,Clear Logistics GmbH,ES,EUR,startup,2025-09-17
cus_00275,Quant Digital AG,DE,EUR,smb,2025-09-27
cus_00276,Alto Studio AG,DE,EUR,smb,2025-09-13
cus_00277,Bright Robotics BV,DE,EUR,smb,2025-09-03
cus_00278,Nord Systems SAS,DE,EUR,smb,2025-09-29
cus_00279,Delta Systems GmbH,GB,GBP,mid_market,2025-09-27
cus_00280,Orbit Cloud SL,NL,EUR,smb,2025-09-05
cus_00281,Pulse Apps AB,GB,GBP,smb,2025-09-27
cus_00282,Alto Apps AB,DE,EUR,startup,2025-09-29
cus_00283,Quant Robotics AB,FR,EUR,smb,2025-09-17
cus_00284,Nova Digital Inc,IT,EUR,startup,2025-09-01
cus_00285,Falcon Digital Inc,DE,EUR,startup,2025-09-03
cus_00286,Delta Studio GmbH,NL,EUR,smb,2025-09-15
cus_00287,Quant Studio SL,FR,EUR,mid_market,2025-09-19
cus_00288,Quant Software GmbH,DE,EUR,smb,2025-09-02
cus_00289,Clear Data SL,FR,EUR,smb,2025-09-16
cus_00290,Bright Digital SL,IT,EUR,startup,2025-09-26
cus_00291,Quant Software SAS,NL,EUR,smb,2025-10-31
cus_00292,Iron Data AG,DE,EUR,smb,2025-10-20
cus_00293,Nova Dynamics GmbH,DE,EUR,startup,2025-10-22
cus_00294,Orbit Analytics Inc,SE,SEK,startup,2025-10-14
cus_00295,Blue Cloud AB,GB,GBP,mid_market,2025-10-13
cus_00296,Swift Analytics Inc,GB,GBP,startup,2025-10-14
cus_00297,Iron Dynamics BV,US,USD,startup,2025-10-25
cus_00298,Delta Apps SAS,FR,EUR,startup,2025-10-11
cus_00299,Nord Tech Ltd,FR,EUR,startup,2025-10-29
cus_00300,Vertex Networks SAS,FR,EUR,mid_market,2025-10-24
cus_00301,Atlas Logistics SL,NL,EUR,startup,2025-10-15
cus_00302,Iron Solutions SAS,IT,EUR,startup,2025-10-01
cus_00303,Vertex Industries AG,US,USD,startup,2025-10-15
cus_00304,Swift Logistics SAS,IT,EUR,mid_market,2025-10-27
cus_00305,Acme Labs Ltd,IT,EUR,startup,2025-10-27
cus_00306,Clear Industries AG,GB,GBP,mid_market,2025-10-22
cus_00307,Nord Cloud Inc,GB,GBP,smb,2025-10-30
cus_00308,Orbit Tech AB,ES,EUR,startup,2025-10-28
cus_00309,Blue Media BV,DE,EUR,startup,2025-10-08
cus_00310,Iron Cloud SL,DE,EUR,smb,2025-10-12
cus_00311,Hyper Dynamics Inc,FR,EUR,smb,2025-10-12
cus_00312,Clear Systems AG,GB,GBP,startup,2025-10-11
cus_00313,Prime Solutions AG,DE,EUR,startup,2025-10-13
cus_00314,Falcon Media BV,DE,EUR,startup,2025-10-28
cus_00315,Alto Cloud SL,DE,EUR,startup,2025-10-06
cus_00316,Falcon Works BV,IT,EUR,smb,2025-10-11
cus_00317,Atlas Labs AB,DE,EUR,enterprise,2025-10-07
cus_00318,Nova Labs AG,GB,GBP,startup,2025-10-09
cus_00319,Pulse Robotics GmbH,FR,EUR,startup,2025-10-13
cus_00320,Iron Labs AG,FR,EUR,startup,2025-10-20
cus_00321,Acme Logistics Inc,DE,EUR,startup,2025-10-14
cus_00322,Alto Tech SAS,ES,EUR,startup,2025-10-01
cus_00323,Blue Media BV,DE,EUR,startup,2025-10-04
cus_00324,Hyper Cloud BV,DE,EUR,startup,2025-10-13
cus_00325,Cedar Analytics SAS,GB,GBP,startup,2025-11-03
cus_00326,Orbit Apps AG,US,USD,startup,2025-11-29
cus_00327,Clear Works Inc,DE,EUR,startup,2025-11-21
cus_00328,Alto Solutions Inc,US,USD,smb,2025-11-11
cus_00329,Vertex Studio Ltd,GB,GBP,startup,2025-11-29
cus_00330,Cedar Systems GmbH,DE,EUR,startup,2025-11-12
cus_00331,Delta Robotics Ltd,FR,EUR,smb,2025-11-03
cus_00332,Orbit Group GmbH,DE,EUR,startup,2025-11-11
cus_00333,Pulse Commerce Inc,GB,GBP,startup,2025-11-13
cus_00334,Alto Works GmbH,DE,EUR,smb,2025-11-05
cus_00335,Clear Industries AG,DE,EUR,mid_market,2025-11-28
cus_00336,Atlas Systems Ltd,CH,CHF,smb,2025-11-25
cus_00337,Swift Digital BV,DE,EUR,smb,2025-11-01
cus_00338,Nord Industries Ltd,ES,EUR,startup,2025-11-22
cus_00339,Alto Studio BV,IT,EUR,mid_market,2025-11-11
cus_00340,Orbit Works BV,GB,GBP,mid_market,2025-11-13
cus_00341,Acme Industries SAS,CH,CHF,mid_market,2025-11-16
cus_00342,Delta Commerce GmbH,DE,EUR,mid_market,2025-11-15
cus_00343,Delta Cloud BV,FR,EUR,mid_market,2025-11-18
cus_00344,Nord Software Ltd,DE,EUR,smb,2025-11-29
cus_00345,Nord Media SL,FR,EUR,smb,2025-11-26
cus_00346,Falcon Networks GmbH,DE,EUR,startup,2025-11-17
cus_00347,Alto Robotics AB,NL,EUR,startup,2025-11-20
cus_00348,Quant Systems SAS,US,USD,enterprise,2025-11-01
cus_00349,Swift Digital SL,GB,GBP,startup,2025-11-27
cus_00350,Cedar Logistics AB,CH,CHF,mid_market,2025-11-26
cus_00351,Nova Works AB,FR,EUR,startup,2025-11-02
cus_00352,Ever Networks AB,ES,EUR,smb,2025-11-19
cus_00353,Hyper Systems Inc,NL,EUR,startup,2025-11-18
cus_00354,Blue Digital SAS,DE,EUR,mid_market,2025-11-25
cus_00355,Prime Logistics SL,NL,EUR,smb,2025-11-05
cus_00356,Nova Software SAS,FR,EUR,startup,2025-11-06
cus_00357,Quant Studio BV,DE,EUR,smb,2025-11-22
cus_00358,Cedar Media SAS,DE,EUR,startup,2025-11-11
cus_00359,Falcon Networks BV,GB,GBP,smb,2025-12-08
cus_00360,Alto Industries BV,CH,CHF,smb,2025-12-23
cus_00361,Alto Networks Inc,IT,EUR,startup,2025-12-14
cus_00362,Delta Group Inc,DE,EUR,mid_market,2025-12-26
cus_00363,Nova Labs SL,GB,GBP,startup,2025-12-13
cus_00364,Swift Cloud AB,IT,EUR,startup,2025-12-23
cus_00365,Pulse Commerce GmbH,ES,EUR,smb,2025-12-30
cus_00366,Pulse Solutions SL,ES,EUR,startup,2025-12-08
cus_00367,Swift Networks BV,GB,GBP,mid_market,2025-12-26
cus_00368,Acme Apps BV,DE,EUR,enterprise,2025-12-10
cus_00369,Acme Group SAS,US,USD,startup,2025-12-15
cus_00370,Blue Logistics SAS,DE,EUR,startup,2025-12-07
cus_00371,Quant Networks SAS,GB,GBP,startup,2025-12-18
cus_00372,Pulse Labs SAS,FR,EUR,smb,2025-12-14
cus_00373,Atlas Digital Inc,NL,EUR,startup,2025-12-08
cus_00374,Acme Systems SL,FR,EUR,startup,2025-12-10
cus_00375,Acme Apps AG,DE,EUR,smb,2025-12-25
cus_00376,Alto Group Inc,FR,EUR,enterprise,2025-12-13
cus_00377,Nova Solutions Ltd,FR,EUR,enterprise,2025-12-13
cus_00378,Swift Labs Ltd,FR,EUR,enterprise,2025-12-16
cus_00379,Quant Commerce AG,NL,EUR,mid_market,2025-12-12
cus_00380,Alto Cloud AG,ES,EUR,smb,2025-12-16
cus_00381,Falcon Works AG,DE,EUR,mid_market,2025-12-07
cus_00382,Blue Robotics SAS,CH,CHF,startup,2025-12-13
cus_00383,Blue Works Ltd,NL,EUR,mid_market,2025-12-11
cus_00384,Hyper Works SAS,NL,EUR,startup,2025-12-07
cus_00385,Hyper Networks AB,IT,EUR,startup,2025-12-15
cus_00386,Cedar Cloud GmbH,FR,EUR,smb,2025-12-30
cus_00387,Hyper Analytics AB,ES,EUR,startup,2025-12-01
cus_00388,Delta Media Inc,ES,EUR,smb,2025-12-29
cus_00389,Hyper Commerce AG,FR,EUR,startup,2025-12-05
cus_00390,Vertex Data SL,DE,EUR,startup,2026-01-01
cus_00391,Prime Industries SAS,US,USD,startup,2026-01-18
cus_00392,Hyper Solutions AG,ES,EUR,smb,2026-01-22
cus_00393,Prime Cloud AB,GB,GBP,startup,2026-01-05
cus_00394,Delta Apps AG,SE,SEK,startup,2026-01-19
cus_00395,Falcon Networks SL,GB,GBP,mid_market,2026-01-27
cus_00396,Clear Robotics Inc,GB,GBP,startup,2026-01-13
cus_00397,Falcon Digital SAS,FR,EUR,smb,2026-01-10
cus_00398,Blue Analytics Ltd,FR,EUR,startup,2026-01-02
cus_00399,Orbit Software BV,DE,EUR,enterprise,2026-01-02
cus_00400,Ever Robotics AB,US,USD,smb,2026-01-02
cus_00401,Bright Systems SL,GB,GBP,startup,2026-01-22
cus_00402,Vertex Robotics GmbH,DE,EUR,startup,2026-01-14
cus_00403,Atlas Labs Ltd,IT,EUR,startup,2026-01-02
cus_00404,Prime Solutions SAS,NL,EUR,startup,2026-01-24
cus_00405,Delta Data Inc,DE,EUR,enterprise,2026-01-13
cus_00406,Quant Group GmbH,DE,EUR,smb,2026-01-09
cus_00407,Atlas Apps AG,IT,EUR,startup,2026-01-12
cus_00408,Prime Systems AB,DE,EUR,smb,2026-01-04
cus_00409,Bright Solutions Inc,CH,CHF,startup,2026-01-28
cus_00410,Clear Robotics SL,NL,EUR,mid_market,2026-01-01
cus_00411,Clear Cloud AG,FR,EUR,smb,2026-01-20
cus_00412,Falcon Software Inc,SE,SEK,startup,2026-01-09
cus_00413,Hyper Analytics BV,DE,EUR,smb,2026-01-22
cus_00414,Orbit Cloud GmbH,NL,EUR,smb,2026-01-19
cus_00415,Ever Media BV,DE,EUR,startup,2026-01-29
cus_00416,Vertex Networks GmbH,IT,EUR,smb,2026-01-03
cus_00417,Iron Tech Inc,CH,CHF,startup,2026-01-17
cus_00418,Delta Solutions GmbH,IT,EUR,startup,2026-01-01
cus_00419,Falcon Data BV,GB,GBP,startup,2026-01-01
cus_00420,Cedar Systems Inc,DE,EUR,smb,2026-01-31
cus_00421,Quant Data GmbH,SE,SEK,startup,2026-01-19
cus_00422,Iron Digital AB,GB,GBP,smb,2026-01-10
cus_00423,Pulse Apps BV,NL,EUR,startup,2026-01-04
cus_00424,Orbit Media SL,GB,GBP,smb,2026-01-30
cus_00425,Prime Works AG,NL,EUR,startup,2026-01-08
cus_00426,Ever Works AG,DE,EUR,startup,2026-02-03
cus_00427,Ever Works AG,CH,CHF,enterprise,2026-02-19
cus_00428,Acme Works SL,NL,EUR,smb,2026-02-01
cus_00429,Vertex Digital SL,FR,EUR,smb,2026-02-06
cus_00430,Acme Industries BV,ES,EUR,enterprise,2026-02-10
cus_00431,Swift Group SAS,NL,EUR,startup,2026-02-27
cus_00432,Nova Robotics BV,NL,EUR,startup,2026-02-10
cus_00433,Alto Commerce SAS,FR,EUR,startup,2026-02-07
cus_00434,Ever Networks BV,NL,EUR,startup,2026-02-12
cus_00435,Falcon Robotics Ltd,DE,EUR,startup,2026-02-20
cus_00436,Acme Digital GmbH,IT,EUR,smb,2026-02-21
cus_00437,Bright Media SL,ES,EUR,smb,2026-02-22
cus_00438,Falcon Cloud Ltd,DE,EUR,startup,2026-02-22
cus_00439,Hyper Group Ltd,NL,EUR,smb,2026-02-27
cus_00440,Hyper Group SL,DE,EUR,smb,2026-02-12
cus_00441,Quant Data BV,IT,EUR,mid_market,2026-02-11
cus_00442,Hyper Logistics Inc,DE,EUR,mid_market,2026-02-16
cus_00443,Clear Systems Ltd,DE,EUR,startup,2026-02-15
cus_00444,Falcon Labs AG,DE,EUR,startup,2026-02-03
cus_00445,Falcon Robotics Inc,FR,EUR,smb,2026-02-01
cus_00446,Falcon Logistics Ltd,NL,EUR,mid_market,2026-02-28
cus_00447,Iron Robotics Inc,IT,EUR,startup,2026-02-28
cus_00448,Quant Solutions AB,DE,EUR,startup,2026-02-16
cus_00449,Quant Works BV,NL,EUR,mid_market,2026-02-09
cus_00450,Orbit Commerce GmbH,NL,EUR,smb,2026-02-22
cus_00451,Orbit Works Inc,US,USD,startup,2026-02-06
cus_00452,Nova Media BV,ES,EUR,startup,2026-02-27
cus_00453,Acme Industries Inc,US,USD,smb,2026-02-11
cus_00454,Alto Cloud AB,DE,EUR,smb,2026-02-05
cus_00455,Hyper Robotics Inc,DE,EUR,startup,2026-02-02
cus_00456,Pulse Cloud SL,US,USD,startup,2026-02-07
cus_00457,Vertex Robotics AG,SE,SEK,startup,2026-02-12
cus_00458,Iron Systems GmbH,FR,EUR,mid_market,2026-02-14
cus_00459,Iron Dynamics SAS,ES,EUR,smb,2026-02-20
cus_00460,Iron Robotics AG,US,USD,enterprise,2026-02-06
cus_00461,Pulse Labs AG,NL,EUR,startup,2026-02-27
cus_00462,Delta Studio Inc,NL,EUR,startup,2026-02-21
cus_00463,Vertex Dynamics AB,GB,GBP,smb,2026-02-18
cus_00464,Nord Group AB,FR,EUR,smb,2026-03-27
cus_00465,Pulse Logistics AB,ES,EUR,smb,2026-03-18
cus_00466,Nova Group Ltd,IT,EUR,startup,2026-03-15
cus_00467,Blue Dynamics BV,FR,EUR,startup,2026-03-26
cus_00468,Acme Studio AB,GB,GBP,startup,2026-03-30
cus_00469,Hyper Analytics GmbH,DE,EUR,startup,2026-03-07
cus_00470,Blue Systems Inc,FR,EUR,mid_market,2026-03-15
cus_00471,Quant Industries BV,DE,EUR,smb,2026-03-05
cus_00472,Blue Commerce SAS,DE,EUR,startup,2026-03-01
cus_00473,Bright Solutions SL,NL,EUR,mid_market,2026-03-14
cus_00474,Nova Studio BV,IT,EUR,startup,2026-03-17
cus_00475,Ever Labs Ltd,US,USD,startup,2026-03-04
cus_00476,Orbit Robotics AB,ES,EUR,smb,2026-03-17
cus_00477,Bright Logistics SAS,DE,EUR,startup,2026-03-25
cus_00478,Bright Digital SL,US,USD,startup,2026-03-28
cus_00479,Bright Apps Inc,DE,EUR,mid_market,2026-03-10
cus_00480,Orbit Digital Ltd,GB,GBP,startup,2026-03-14
cus_00481,Atlas Systems AG,GB,GBP,smb,2026-03-03
cus_00482,Swift Media SAS,IT,EUR,smb,2026-03-23
cus_00483,Vertex Systems GmbH,IT,EUR,startup,2026-03-14
cus_00484,Ever Commerce AB,DE,EUR,mid_market,2026-03-01
cus_00485,Quant Networks AB,DE,EUR,smb,2026-03-25
cus_00486,Blue Works SL,NL,EUR,startup,2026-03-12
cus_00487,Acme Dynamics SAS,DE,EUR,startup,2026-03-25
cus_00488,Vertex Industries SAS,US,USD,startup,2026-03-29
cus_00489,Atlas Labs Ltd,FR,EUR,startup,2026-03-21
cus_00490,Atlas Apps BV,GB,GBP,startup,2026-03-26
cus_00491,Vertex Data BV,DE,EUR,startup,2026-03-27
cus_00492,Falcon Software BV,FR,EUR,smb,2026-03-02
cus_00493,Alto Dynamics AG,ES,EUR,startup,2026-03-23
cus_00494,Acme Labs AB,IT,EUR,enterprise,2026-03-25
cus_00495,Nova Apps Inc,DE,EUR,smb,2026-03-18
cus_00496,Nord Dynamics SL,FR,EUR,mid_market,2026-03-20
cus_00497,Ever Group GmbH,NL,EUR,mid_market,2026-03-24
cus_00498,Atlas Data AB,FR,EUR,startup,2026-03-18
cus_00499,Bright Cloud BV,FR,EUR,startup,2026-03-06
cus_00500,Falcon Industries SL,NL,EUR,startup,2026-04-05
cus_00501,Pulse Digital SAS,FR,EUR,smb,2026-04-08
cus_00502,Swift Works BV,DE,EUR,smb,2026-04-03
cus_00503,Atlas Media SAS,DE,EUR,smb,2026-04-06
cus_00504,Nord Tech BV,DE,EUR,mid_market,2026-04-17
cus_00505,Delta Works BV,DE,EUR,mid_market,2026-04-24
cus_00506,Alto Media SL,ES,EUR,mid_market,2026-04-09
cus_00507,Hyper Dynamics SAS,US,USD,smb,2026-04-12
cus_00508,Ever Systems AG,FR,EUR,smb,2026-04-09
cus_00509,Acme Media SAS,DE,EUR,startup,2026-04-25
cus_00510,Swift Media AB,DE,EUR,smb,2026-04-05
cus_00511,Prime Apps Ltd,FR,EUR,mid_market,2026-04-12
cus_00512,Hyper Analytics AB,IT,EUR,smb,2026-04-22
cus_00513,Prime Studio GmbH,FR,EUR,smb,2026-04-23
cus_00514,Falcon Software BV,ES,EUR,enterprise,2026-04-07
cus_00515,Acme Digital AG,ES,EUR,startup,2026-04-04
cus_00516,Alto Works SL,FR,EUR,smb,2026-04-06
cus_00517,Clear Analytics Ltd,CH,CHF,smb,2026-04-09
cus_00518,Quant Solutions SL,ES,EUR,smb,2026-04-24
cus_00519,Vertex Labs Inc,US,USD,smb,2026-04-24
cus_00520,Falcon Systems AG,DE,EUR,smb,2026-04-05
cus_00521,Ever Commerce AB,DE,EUR,smb,2026-04-17
cus_00522,Vertex Industries AB,DE,EUR,smb,2026-04-27
cus_00523,Alto Dynamics SAS,US,USD,mid_market,2026-04-17
cus_00524,Delta Data SL,NL,EUR,smb,2026-04-23
cus_00525,Delta Digital SAS,DE,EUR,smb,2026-04-09
cus_00526,Bright Works Inc,DE,EUR,mid_market,2026-04-22
cus_00527,Iron Logistics AG,DE,EUR,smb,2026-04-21
cus_00528,Nord Robotics GmbH,DE,EUR,smb,2026-04-04
cus_00529,Hyper Works Inc,GB,GBP,startup,2026-04-17
cus_00530,Quant Networks AG,NL,EUR,startup,2026-04-30
cus_00531,Vertex Solutions AB,FR,EUR,startup,2026-04-09
cus_00532,Acme Data SAS,GB,GBP,smb,2026-04-03
cus_00533,Acme Networks AG,GB,GBP,startup,2026-04-29
cus_00534,Iron Media GmbH,DE,EUR,mid_market,2026-04-26
cus_00535,Vertex Labs AG,DE,EUR,smb,2026-04-24
cus_00536,Acme Software SL,FR,EUR,smb,2026-05-17
cus_00537,Nova Analytics BV,GB,GBP,startup,2026-05-15
cus_00538,Acme Labs Inc,FR,EUR,smb,2026-05-20
cus_00539,Alto Tech Ltd,FR,EUR,startup,2026-05-08
cus_00540,Quant Data GmbH,DE,EUR,mid_market,2026-05-15
cus_00541,Clear Dynamics AG,SE,SEK,smb,2026-05-23
cus_00542,Orbit Dynamics SAS,DE,EUR,smb,2026-05-15
cus_00543,Cedar Media Ltd,FR,EUR,smb,2026-05-16
cus_00544,Nova Industries Inc,IT,EUR,startup,2026-05-28
cus_00545,Blue Data Inc,FR,EUR,smb,2026-05-24
cus_00546,Prime Logistics AG,NL,EUR,smb,2026-05-31
cus_00547,Atlas Industries AB,FR,EUR,startup,2026-05-14
cus_00548,Orbit Robotics Inc,DE,EUR,startup,2026-05-28
cus_00549,Quant Media Ltd,GB,GBP,startup,2026-05-29
cus_00550,Blue Labs SL,ES,EUR,smb,2026-05-10
cus_00551,Blue Media GmbH,GB,GBP,startup,2026-05-06
cus_00552,Alto Software Inc,DE,EUR,smb,2026-05-01
cus_00553,Bright Commerce Inc,FR,EUR,mid_market,2026-05-12
cus_00554,Orbit Industries AB,FR,EUR,smb,2026-05-23
cus_00555,Acme Media Ltd,IT,EUR,smb,2026-05-21
cus_00556,Clear Dynamics SL,DE,EUR,enterprise,2026-05-01
cus_00557,Falcon Group SL,GB,GBP,startup,2026-05-26
cus_00558,Falcon Systems GmbH,FR,EUR,startup,2026-05-15
cus_00559,Iron Robotics GmbH,DE,EUR,smb,2026-05-14
cus_00560,Hyper Studio SAS,CH,CHF,startup,2026-05-22
cus_00561,Bright Software BV,GB,GBP,startup,2026-05-03
cus_00562,Delta Works AB,DE,EUR,mid_market,2026-05-16
cus_00563,Hyper Solutions Inc,GB,GBP,mid_market,2026-05-18
cus_00564,Blue Systems Inc,DE,EUR,startup,2026-05-10
cus_00565,Blue Labs SL,GB,GBP,startup,2026-05-30
cus_00566,Alto Networks SL,NL,EUR,startup,2026-05-16
cus_00567,Hyper Tech GmbH,DE,EUR,startup,2026-05-03
cus_00568,Atlas Data Ltd,US,USD,startup,2026-05-07
cus_00569,Nord Labs AB,CH,CHF,mid_market,2026-05-25
cus_00570,Bright Software AG,ES,EUR,mid_market,2026-05-04
cus_00571,Bright Labs Ltd,FR,EUR,mid_market,2026-05-19
cus_00572,Nova Media BV,DE,EUR,startup,2026-05-15
cus_00573,Iron Works SL,DE,EUR,startup,2026-05-18
cus_00574,Orbit Robotics Ltd,GB,GBP,startup,2026-05-18
cus_00575,Ever Media Ltd,GB,GBP,smb,2026-05-23
cus_00576,Quant Logistics SAS,IT,EUR,startup,2026-05-08
cus_00577,Nord Digital BV,CH,CHF,startup,2026-05-17
cus_00578,Alto Commerce AB,ES,EUR,startup,2026-06-20
cus_00579,Falcon Logistics SAS,NL,EUR,startup,2026-06-12
cus_00580,Clear Studio SL,DE,EUR,startup,2026-06-24
cus_00581,Orbit Industries SL,FR,EUR,startup,2026-06-02
cus_00582,Hyper Digital SL,GB,GBP,startup,2026-06-15
cus_00583,Falcon Cloud GmbH,DE,EUR,smb,2026-06-27
cus_00584,Alto Software Ltd,ES,EUR,enterprise,2026-06-06
cus_00585,Clear Tech SL,IT,EUR,startup,2026-06-05
cus_00586,Pulse Networks Inc,US,USD,smb,2026-06-17
cus_00587,Prime Robotics AB,DE,EUR,startup,2026-06-14
cus_00588,Pulse Robotics Ltd,NL,EUR,mid_market,2026-06-07
cus_00589,Blue Dynamics AB,NL,EUR,smb,2026-06-13
cus_00590,Pulse Works BV,CH,CHF,mid_market,2026-06-07
cus_00591,Iron Cloud Ltd,DE,EUR,smb,2026-06-26
cus_00592,Bright Networks AG,DE,EUR,smb,2026-06-03
cus_00593,Quant Works SL,DE,EUR,smb,2026-06-05
cus_00594,Falcon Apps BV,DE,EUR,startup,2026-06-05
cus_00595,Cedar Data AG,DE,EUR,startup,2026-06-30
cus_00596,Acme Works Ltd,DE,EUR,startup,2026-06-02
cus_00597,Ever Industries GmbH,US,USD,smb,2026-06-02
cus_00598,Orbit Data AB,DE,EUR,smb,2026-06-30
cus_00599,Pulse Analytics AB,DE,EUR,smb,2026-06-22
cus_00600,Vertex Commerce Ltd,DE,EUR,startup,2026-06-17
cus_00601,Iron Industries SL,ES,EUR,smb,2026-06-17
cus_00602,Orbit Networks SL,SE,SEK,smb,2026-06-27
cus_00603,Orbit Industries Ltd,US,USD,mid_market,2026-06-04
cus_00604,Hyper Media BV,FR,EUR,startup,2026-06-22
cus_00605,Ever Data Inc,IT,EUR,smb,2026-06-21
cus_00606,Acme Analytics Ltd,ES,EUR,smb,2026-06-28
cus_00607,Vertex Labs AG,IT,EUR,startup,2026-06-03
cus_00608,Orbit Dynamics Inc,US,USD,smb,2026-06-08
cus_00609,Pulse Apps SAS,DE,EUR,startup,2026-06-04
cus_00610,Atlas Dynamics BV,DE,EUR,startup,2026-06-07
cus_00611,Ever Dynamics Inc,DE,EUR,smb,2026-06-04
cus_00612,Cedar Works BV,GB,GBP,startup,2026-06-25
cus_00613,Quant Software AG,DE,EUR,mid_market,2026-06-17
cus_00614,Atlas Logistics SL,GB,GBP,startup,2026-06-19
cus_00615,Pulse Logistics BV,CH,CHF,smb,2026-06-25
cus_00616,Clear Labs Ltd,DE,EUR,startup,2026-06-17
cus_00617,Falcon Digital SL,IT,EUR,smb,2026-07-13
cus_00618,Cedar Labs SAS,DE,EUR,startup,2026-07-04
cus_00619,Falcon Commerce Ltd,SE,SEK,smb,2026-07-31
cus_00620,Bright Commerce SL,IT,EUR,startup,2026-07-26
cus_00621,Nord Works SL,DE,EUR,enterprise,2026-07-07
cus_00622,Clear Solutions SL,DE,EUR,smb,2026-07-20
cus_00623,Hyper Dynamics SAS,SE,SEK,startup,2026-07-24
cus_00624,Ever Tech Ltd,CH,CHF,smb,2026-07-01
cus_00625,Quant Analytics GmbH,NL,EUR,startup,2026-07-01
cus_00626,Alto Networks Ltd,FR,EUR,startup,2026-07-03
cus_00627,Falcon Commerce AB,IT,EUR,mid_market,2026-07-28
cus_00628,Blue Robotics GmbH,CH,CHF,startup,2026-07-24
cus_00629,Atlas Solutions SAS,CH,CHF,mid_market,2026-07-15
cus_00630,Blue Industries Inc,SE,SEK,startup,2026-07-21
cus_00631,Blue Tech AG,DE,EUR,smb,2026-07-08
cus_00632,Acme Tech Inc,DE,EUR,mid_market,2026-07-02
cus_00633,Prime Software AB,NL,EUR,mid_market,2026-07-23
cus_00634,Hyper Media GmbH,FR,EUR,smb,2026-07-21
cus_00635,Falcon Studio BV,US,USD,smb,2026-07-10
cus_00636,Blue Industries AG,SE,SEK,smb,2026-07-14
cus_00637,Cedar Studio Inc,US,USD,smb,2026-07-24
cus_00638,Nord Logistics BV,DE,EUR,smb,2026-07-02
cus_00639,Iron Digital Ltd,DE,EUR,smb,2026-07-24
cus_00640,Falcon Commerce AG,US,USD,mid_market,2026-07-26
cus_00641,Nord Group BV,NL,EUR,startup,2026-07-01
cus_00642,Orbit Apps GmbH,FR,EUR,smb,2026-07-04
cus_00643,Falcon Labs SL,FR,EUR,mid_market,2026-07-03
cus_00644,Atlas Networks SAS,DE,EUR,enterprise,2026-07-17
cus_00645,Nova Works Ltd,DE,EUR,startup,2026-07-12
cus_00646,Hyper Software AB,DE,EUR,startup,2026-07-07
cus_00647,Bright Studio AB,CH,CHF,mid_market,2026-07-25
cus_00648,Hyper Software BV,DE,EUR,smb,2026-07-14
cus_00649,Clear Studio AG,DE,EUR,startup,2026-07-08
cus_00650,Nord Tech SL,FR,EUR,smb,2026-07-23
cus_00651,Atlas Digital Inc,NL,EUR,mid_market,2026-07-23
cus_00652,Ever Software AB,ES,EUR,mid_market,2026-07-10
cus_00653,Pulse Solutions GmbH,GB,GBP,startup,2026-07-15
cus_00654,Pulse Commerce Ltd,IT,EUR,smb,2026-07-05
cus_00655,Atlas Software GmbH,IT,EUR,smb,2026-07-27
cus_00656,Clear Systems AG,DE,EUR,startup,2026-07-07
cus_00657,Iron Software BV,GB,GBP,startup,2026-08-03
cus_00658,Orbit Labs Inc,US,USD,mid_market,2026-08-25
cus_00659,Atlas Cloud SL,US,USD,smb,2026-08-28
cus_00660,Blue Dynamics AG,DE,EUR,startup,2026-08-06
cus_00661,Nord Labs AG,DE,EUR,startup,2026-08-25
cus_00662,Nova Industries Inc,GB,GBP,startup,2026-08-20
cus_00663,Nord Works SAS,DE,EUR,startup,2026-08-31
cus_00664,Cedar Group SL,NL,EUR,startup,2026-08-02
cus_00665,Clear Digital AB,NL,EUR,startup,2026-08-03
cus_00666,Hyper Works GmbH,DE,EUR,startup,2026-08-17
cus_00667,Iron Labs Inc,DE,EUR,startup,2026-08-13
cus_00668,Ever Labs GmbH,NL,EUR,startup,2026-08-27
cus_00669,Nova Media AB,DE,EUR,startup,2026-08-26
cus_00670,Cedar Logistics Inc,DE,EUR,mid_market,2026-08-03
cus_00671,Swift Works AG,IT,EUR,startup,2026-08-24
cus_00672,Prime Software GmbH,NL,EUR,startup,2026-08-15
cus_00673,Acme Solutions GmbH,CH,CHF,smb,2026-08-18
cus_00674,Atlas Media SAS,US,USD,startup,2026-08-12
cus_00675,Falcon Cloud AG,NL,EUR,startup,2026-08-03
cus_00676,Clear Works BV,IT,EUR,mid_market,2026-08-08
cus_00677,Alto Networks Ltd,DE,EUR,startup,2026-08-03
cus_00678,Quant Software GmbH,FR,EUR,mid_market,2026-08-25
cus_00679,Ever Industries Inc,DE,EUR,smb,2026-08-17
cus_00680,Clear Tech Ltd,ES,EUR,smb,2026-08-11
cus_00681,Delta Tech AG,GB,GBP,startup,2026-08-14
cus_00682,Bright Group BV,US,USD,smb,2026-08-30
cus_00683,Blue Media AG,DE,EUR,mid_market,2026-08-11
cus_00684,Nord Group AG,DE,EUR,startup,2026-08-05
cus_00685,Prime Data BV,US,USD,smb,2026-08-25
cus_00686,Nord Industries SAS,DE,EUR,startup,2026-08-07
cus_00687,Bright Logistics Inc,DE,EUR,smb,2026-08-08
cus_00688,Hyper Systems Ltd,DE,EUR,smb,2026-08-01
cus_00689,Delta Group BV,FR,EUR,mid_market,2026-08-13
cus_00690,Falcon Studio GmbH,SE,SEK,mid_market,2026-08-14
cus_00691,Iron Software AG,NL,EUR,startup,2026-08-25
cus_00692,Pulse Logistics AB,GB,GBP,startup,2026-08-18
cus_00693,Atlas Solutions Ltd,DE,EUR,startup,2026-08-17
cus_00694,Orbit Industries GmbH,GB,GBP,enterprise,2026-08-16
cus_00695,Vertex Solutions AB,FR,EUR,smb,2026-08-15
cus_00696,Quant Dynamics GmbH,US,USD,smb,2026-08-11
cus_00697,Acme Apps AB,SE,SEK,startup,2026-08-05
cus_00698,Quant Logistics Inc,IT,EUR,startup,2026-08-25
cus_00699,Ever Digital Ltd,DE,EUR,enterprise,2026-08-28
cus_00700,Iron Systems GmbH,US,USD,enterprise,2026-08-07
